dataset,seed,variant,val_acc,val_macro_f1,best_epoch,early_stop_epoch,model_params,head_params,protocol,training_mode,evaluate_test,uses_test_labels_or_metrics,output_dir,checkpoint,total_params,finite,bad_log_markers,stable
ele-fashion,42,f1_owner,0.8742968440055847,0.7435902056642313,188,218,1305522,3084,unified_full_graph_nc_v1,full_graph,False,False,outputs/ored/f2a/formal/ele-fashion_seed42_f1_owner,outputs/ored/f2a/checkpoints/ele-fashion_seed42_f1_owner.pt,1308606,True,False,True
ele-fashion,42,f1_dual_direct,0.8741945624351501,0.739613789649216,213,243,1305522,3084,unified_full_graph_nc_v1,full_graph,False,False,outputs/ored/f2a/formal/ele-fashion_seed42_f1_dual_direct,outputs/ored/f2a/checkpoints/ele-fashion_seed42_f1_dual_direct.pt,1308606,True,False,True
ele-fashion,43,f1_owner,0.873274028301239,0.7471285709754857,178,208,1305522,3084,unified_full_graph_nc_v1,full_graph,False,False,outputs/ored/f2a/formal/ele-fashion_seed43_f1_owner,outputs/ored/f2a/checkpoints/ele-fashion_seed43_f1_owner.pt,1308606,True,False,True
ele-fashion,43,f1_dual_direct,0.8726603388786316,0.742810910697192,159,189,1305522,3084,unified_full_graph_nc_v1,full_graph,False,False,outputs/ored/f2a/formal/ele-fashion_seed43_f1_dual_direct,outputs/ored/f2a/checkpoints/ele-fashion_seed43_f1_dual_direct.pt,1308606,True,False,True
ele-fashion,44,f1_owner,0.869694173336029,0.7387326123457144,136,166,1305522,3084,unified_full_graph_nc_v1,full_graph,False,False,outputs/ored/f2a/formal/ele-fashion_seed44_f1_owner,outputs/ored/f2a/checkpoints/ele-fashion_seed44_f1_owner.pt,1308606,True,False,True
ele-fashion,44,f1_dual_direct,0.8688759207725525,0.732073154342849,102,132,1305522,3084,unified_full_graph_nc_v1,full_graph,False,False,outputs/ored/f2a/formal/ele-fashion_seed44_f1_dual_direct,outputs/ored/f2a/checkpoints/ele-fashion_seed44_f1_dual_direct.pt,1308606,True,False,True
Reddit-S,42,f1_owner,0.9569047093391418,0.9185290524651937,36,66,1436594,5140,unified_full_graph_nc_v1,full_graph,False,False,outputs/ored/f2a/formal/reddit-s_seed42_f1_owner,outputs/ored/f2a/checkpoints/reddit-s_seed42_f1_owner.pt,1441734,True,False,True
Reddit-S,42,f1_dual_direct,0.9569047093391418,0.9180565589329538,36,66,1436594,5140,unified_full_graph_nc_v1,full_graph,False,False,outputs/ored/f2a/formal/reddit-s_seed42_f1_dual_direct,outputs/ored/f2a/checkpoints/reddit-s_seed42_f1_dual_direct.pt,1441734,True,False,True
Reddit-S,43,f1_owner,0.9597357511520386,0.9136606604637668,37,67,1436594,5140,unified_full_graph_nc_v1,full_graph,False,False,outputs/ored/f2a/formal/reddit-s_seed43_f1_owner,outputs/ored/f2a/checkpoints/reddit-s_seed43_f1_owner.pt,1441734,True,False,True
Reddit-S,43,f1_dual_direct,0.9597357511520386,0.9177837373474315,43,73,1436594,5140,unified_full_graph_nc_v1,full_graph,False,False,outputs/ored/f2a/formal/reddit-s_seed43_f1_dual_direct,outputs/ored/f2a/checkpoints/reddit-s_seed43_f1_dual_direct.pt,1441734,True,False,True
Reddit-S,44,f1_owner,0.9578483700752258,0.9178445893799297,41,71,1436594,5140,unified_full_graph_nc_v1,full_graph,False,False,outputs/ored/f2a/formal/reddit-s_seed44_f1_owner,outputs/ored/f2a/checkpoints/reddit-s_seed44_f1_owner.pt,1441734,True,False,True
Reddit-S,44,f1_dual_direct,0.9581629633903503,0.9217412980273819,47,77,1436594,5140,unified_full_graph_nc_v1,full_graph,False,False,outputs/ored/f2a/formal/reddit-s_seed44_f1_dual_direct,outputs/ored/f2a/checkpoints/reddit-s_seed44_f1_dual_direct.pt,1441734,True,False,True
