dataset,seed,variant,val_acc,val_macro_f1,best_epoch,early_stop_epoch,model_params,head_params,total_params,protocol,evaluate_test,output_dir,checkpoint
Movies,42,p0,0.5182963609695435,0.4000115625842959,71,101,1037568,5140,1042708,unified_full_graph_nc_v1,False,outputs/ored/o2/formal/movies_seed42_p0,outputs/ored/o2/checkpoints/movies_seed42_p0.pt
Movies,42,p0_refine,0.5149970054626465,0.4028240172437714,53,83,1170176,5140,1175316,unified_full_graph_nc_v1,False,outputs/ored/o2/formal/movies_seed42_p0_refine,outputs/ored/o2/checkpoints/movies_seed42_p0_refine.pt
Movies,42,joint_rd,0.5671865344047546,0.4693851838090496,82,112,1170176,5140,1175316,unified_full_graph_nc_v1,False,outputs/ored/o2/formal/movies_seed42_joint_rd,outputs/ored/o2/checkpoints/movies_seed42_joint_rd.pt
Movies,42,ownership_rd,0.5704858899116516,0.5067207921307415,118,148,1170176,5140,1175316,unified_full_graph_nc_v1,False,outputs/ored/o2/formal/movies_seed42_ownership_rd,outputs/ored/o2/checkpoints/movies_seed42_ownership_rd.pt
Movies,43,p0,0.5272945165634155,0.36742946782907826,45,75,1037568,5140,1042708,unified_full_graph_nc_v1,False,outputs/ored/o2/formal/movies_seed43_p0,outputs/ored/o2/checkpoints/movies_seed43_p0.pt
Movies,43,p0_refine,0.5254948735237122,0.3495551554012328,42,72,1170176,5140,1175316,unified_full_graph_nc_v1,False,outputs/ored/o2/formal/movies_seed43_p0_refine,outputs/ored/o2/checkpoints/movies_seed43_p0_refine.pt
Movies,43,joint_rd,0.5665866732597351,0.49064146577648576,130,160,1170176,5140,1175316,unified_full_graph_nc_v1,False,outputs/ored/o2/formal/movies_seed43_joint_rd,outputs/ored/o2/checkpoints/movies_seed43_joint_rd.pt
Movies,43,ownership_rd,0.5704858899116516,0.497039134306534,94,124,1170176,5140,1175316,unified_full_graph_nc_v1,False,outputs/ored/o2/formal/movies_seed43_ownership_rd,outputs/ored/o2/checkpoints/movies_seed43_ownership_rd.pt
Movies,44,p0,0.5212957262992859,0.38622538795649775,50,80,1037568,5140,1042708,unified_full_graph_nc_v1,False,outputs/ored/o2/formal/movies_seed44_p0,outputs/ored/o2/checkpoints/movies_seed44_p0.pt
Movies,44,p0_refine,0.5209957957267761,0.41200916695660367,53,83,1170176,5140,1175316,unified_full_graph_nc_v1,False,outputs/ored/o2/formal/movies_seed44_p0_refine,outputs/ored/o2/checkpoints/movies_seed44_p0_refine.pt
Movies,44,joint_rd,0.5713857412338257,0.48303253291801995,95,125,1170176,5140,1175316,unified_full_graph_nc_v1,False,outputs/ored/o2/formal/movies_seed44_joint_rd,outputs/ored/o2/checkpoints/movies_seed44_joint_rd.pt
Movies,44,ownership_rd,0.5746850371360779,0.5022615127514798,107,137,1170176,5140,1175316,unified_full_graph_nc_v1,False,outputs/ored/o2/formal/movies_seed44_ownership_rd,outputs/ored/o2/checkpoints/movies_seed44_ownership_rd.pt
Toys,42,p0,0.7429330945014954,0.7060621681700738,48,78,1037568,4626,1042194,unified_full_graph_nc_v1,False,outputs/ored/o2/formal/toys_seed42_p0,outputs/ored/o2/checkpoints/toys_seed42_p0.pt
Toys,42,p0_refine,0.7407586574554443,0.6995944929250942,43,73,1170176,4626,1174802,unified_full_graph_nc_v1,False,outputs/ored/o2/formal/toys_seed42_p0_refine,outputs/ored/o2/checkpoints/toys_seed42_p0_refine.pt
Toys,42,joint_rd,0.7999516725540161,0.765917085731715,86,116,1170176,4626,1174802,unified_full_graph_nc_v1,False,outputs/ored/o2/formal/toys_seed42_joint_rd,outputs/ored/o2/checkpoints/toys_seed42_joint_rd.pt
Toys,42,ownership_rd,0.801642894744873,0.7714392861538953,63,93,1170176,4626,1174802,unified_full_graph_nc_v1,False,outputs/ored/o2/formal/toys_seed42_ownership_rd,outputs/ored/o2/checkpoints/toys_seed42_ownership_rd.pt
Toys,43,p0,0.7397922277450562,0.7127408937752729,56,86,1037568,4626,1042194,unified_full_graph_nc_v1,False,outputs/ored/o2/formal/toys_seed43_p0,outputs/ored/o2/checkpoints/toys_seed43_p0.pt
Toys,43,p0_refine,0.7443826794624329,0.7138253312589162,47,77,1170176,4626,1174802,unified_full_graph_nc_v1,False,outputs/ored/o2/formal/toys_seed43_p0_refine,outputs/ored/o2/checkpoints/toys_seed43_p0_refine.pt
Toys,43,joint_rd,0.8038173317909241,0.7716614000861862,81,111,1170176,4626,1174802,unified_full_graph_nc_v1,False,outputs/ored/o2/formal/toys_seed43_joint_rd,outputs/ored/o2/checkpoints/toys_seed43_joint_rd.pt
Toys,43,ownership_rd,0.8021261096000671,0.7748736019374278,73,103,1170176,4626,1174802,unified_full_graph_nc_v1,False,outputs/ored/o2/formal/toys_seed43_ownership_rd,outputs/ored/o2/checkpoints/toys_seed43_ownership_rd.pt
Toys,44,p0,0.7434163093566895,0.7038625417909935,49,79,1037568,4626,1042194,unified_full_graph_nc_v1,False,outputs/ored/o2/formal/toys_seed44_p0,outputs/ored/o2/checkpoints/toys_seed44_p0.pt
Toys,44,p0_refine,0.7467987537384033,0.7102334949325017,42,72,1170176,4626,1174802,unified_full_graph_nc_v1,False,outputs/ored/o2/formal/toys_seed44_p0_refine,outputs/ored/o2/checkpoints/toys_seed44_p0_refine.pt
Toys,44,joint_rd,0.8043005466461182,0.7778242162907991,59,89,1170176,4626,1174802,unified_full_graph_nc_v1,False,outputs/ored/o2/formal/toys_seed44_joint_rd,outputs/ored/o2/checkpoints/toys_seed44_joint_rd.pt
Toys,44,ownership_rd,0.8028509020805359,0.7805072358209475,69,99,1170176,4626,1174802,unified_full_graph_nc_v1,False,outputs/ored/o2/formal/toys_seed44_ownership_rd,outputs/ored/o2/checkpoints/toys_seed44_ownership_rd.pt
Grocery,42,p0,0.7815519571304321,0.6996038188471978,74,104,1037568,5140,1042708,unified_full_graph_nc_v1,False,outputs/ored/o2/formal/grocery_seed42_p0,outputs/ored/o2/checkpoints/grocery_seed42_p0.pt
Grocery,42,p0_refine,0.7756954431533813,0.6856630004948511,63,93,1170176,5140,1175316,unified_full_graph_nc_v1,False,outputs/ored/o2/formal/grocery_seed42_p0_refine,outputs/ored/o2/checkpoints/grocery_seed42_p0_refine.pt
Grocery,42,joint_rd,0.826647162437439,0.757065932310441,115,145,1170176,5140,1175316,unified_full_graph_nc_v1,False,outputs/ored/o2/formal/grocery_seed42_joint_rd,outputs/ored/o2/checkpoints/grocery_seed42_joint_rd.pt
Grocery,42,ownership_rd,0.826061487197876,0.7512930421006339,109,139,1170176,5140,1175316,unified_full_graph_nc_v1,False,outputs/ored/o2/formal/grocery_seed42_ownership_rd,outputs/ored/o2/checkpoints/grocery_seed42_ownership_rd.pt
Grocery,43,p0,0.784773051738739,0.6941933056232785,146,176,1037568,5140,1042708,unified_full_graph_nc_v1,False,outputs/ored/o2/formal/grocery_seed43_p0,outputs/ored/o2/checkpoints/grocery_seed43_p0.pt
Grocery,43,p0_refine,0.7748169898986816,0.6686248241553825,68,98,1170176,5140,1175316,unified_full_graph_nc_v1,False,outputs/ored/o2/formal/grocery_seed43_p0_refine,outputs/ored/o2/checkpoints/grocery_seed43_p0_refine.pt
Grocery,43,joint_rd,0.8281112909317017,0.7363045111109533,83,113,1170176,5140,1175316,unified_full_graph_nc_v1,False,outputs/ored/o2/formal/grocery_seed43_joint_rd,outputs/ored/o2/checkpoints/grocery_seed43_joint_rd.pt
Grocery,43,ownership_rd,0.8278184533119202,0.7331916746832556,73,103,1170176,5140,1175316,unified_full_graph_nc_v1,False,outputs/ored/o2/formal/grocery_seed43_ownership_rd,outputs/ored/o2/checkpoints/grocery_seed43_ownership_rd.pt
Grocery,44,p0,0.7815519571304321,0.6932738408838464,89,119,1037568,5140,1042708,unified_full_graph_nc_v1,False,outputs/ored/o2/formal/grocery_seed44_p0,outputs/ored/o2/checkpoints/grocery_seed44_p0.pt
Grocery,44,p0_refine,0.7718887329101562,0.6688953078013846,63,93,1170176,5140,1175316,unified_full_graph_nc_v1,False,outputs/ored/o2/formal/grocery_seed44_p0_refine,outputs/ored/o2/checkpoints/grocery_seed44_p0_refine.pt
Grocery,44,joint_rd,0.8269400000572205,0.7595237569987201,142,172,1170176,5140,1175316,unified_full_graph_nc_v1,False,outputs/ored/o2/formal/grocery_seed44_joint_rd,outputs/ored/o2/checkpoints/grocery_seed44_joint_rd.pt
Grocery,44,ownership_rd,0.8245973587036133,0.7340159943758645,93,123,1170176,5140,1175316,unified_full_graph_nc_v1,False,outputs/ored/o2/formal/grocery_seed44_ownership_rd,outputs/ored/o2/checkpoints/grocery_seed44_ownership_rd.pt
